{
  "chargingPile": {
    "name": "充电桩饱和比例",
    "data": [
      {
        "value": 0,
        "name": "广州占比",
        "percentage": "0%",
        "color": "#34D160"
      },
      {
        "value": 0,
        "name": "深圳占比",
        "percentage": "0%",
        "color": "#027FF2"
      },
      {
        "value": 0,
        "name": "东莞占比",
        "percentage": "0%",
        "color": "#8A00E1"
      },
      {
        "value": 0,
        "name": "佛山占比",
        "percentage": "0%",
        "color": "#F19610"
      },
      {
        "value": 0,
        "name": "中山占比",
        "percentage": "0%",
        "color": "#6054FF"
      },
      {
        "value": 0,
        "name": "珠海占比",
        "percentage": "0%",
        "color": "#00C6FF"
      }
    ]
  },
  "processMonitoring": {
    "name": "流程监控",
    "data": [
      {
        "name": "正常",
        "data": [0, 0, 0, 0, 0, 0, 0, 0, 0, 0, 0, 0]
      },
      {
        "name": "异常",
        "data": [0, 0, 0, 0, 0, 0, 0, 0, 0, 0, 0, 0]
      }
    ]
  },
  "dataAnalysis": {
    "name": "充电桩数据分析",
    "data": [
      {
        "id": 1,
        "title": "充电桩总数(个)",
        "totalNum": 0,
        "unit": "万",
        "percentage": 0,
        "isUp": true
      },
      {
        "id": 2,
        "title": "年增长总数(个)",
        "totalNum": 0,
        "unit": "万",
        "percentage": 0,
        "isUp": true
      },
      {
        "id": 3,
        "title": "月增长总数(个)",
        "totalNum": 0,
        "unit": "万",
        "percentage": 0,
        "isUp": false
      }
    ]
  },
  "chargingTop4": {
    "name": "充电桩Top4占比",
    "totalPercentage": 0,
    "data": [
      {
        "id": 1,
        "name": "深圳",
        "percentage": "0%"
      },
      {
        "id": 2,
        "name": "广州",
        "percentage": "0%"
      },
      {
        "id": 3,
        "name": "东莞",
        "percentage": "0%"
      },
      {
        "id": 4,
        "name": "佛山",
        "percentage": "0%"
      },
      {
        "id": 5,
        "name": "其它",
        "percentage": "0%"
      }
    ]
  },
  "chargingStatistics": {
    "name": "充电数据统计",
    "data": [
      {
        "name": "一月",
        "value": 0
      },
      {
        "name": "二月",
        "value": 0
      },
      {
        "name": "三月",
        "value": 0
      },
      {
        "name": "四月",
        "value": 0
      },
      {
        "name": "五月",
        "value": 0
      },
      {
        "name": "六月",
        "value": 0
      },
      {
        "name": "七月",
        "value": 0
      }
    ]
  },
  "exceptionMonitoring": {
    "name": "异常监控",
    "data": []
  }
}
